timestamp,ppg_raw,t,diff,artifact,ppg_quality,dc,ac,pi,pi_score,bpm_stability,motion_score,final_reliability,classification
1773652383.2860842,202832,0.0,,0,1.0,202832.0,0.0,0.0,0.0,1.0,0.9534000238407129,0.7860200071522139,VALID
1773652383.435783,203144,0.14969873428344727,312.0,0,1.0,202988.0,156.0,0.0007685183360592744,0.004606221250027222,1.0,0.9630759942106734,0.7898440425132074,VALID
1773652383.495567,203829,0.20948290824890137,685.0,0,1.0,203268.33333333334,560.666666666657,0.002758258787645183,0.20530441268955754,1.0,0.9612550539432043,0.8294373987208729,VALID
1773652383.585537,204438,0.2994527816772461,609.0,0,1.0,203560.75,877.25,0.004309524306625909,0.36177516436663576,1.0,0.9623388550329001,0.8610566893831971,VALID
1773652383.675637,200720,0.3895528316497803,3718.0,0,1.0,202992.6,-2272.600000000006,0.011195482002792249,1.0,1.0,0.9630913144220034,0.9889273943266009,VALID
1773652383.797408,200803,0.5113239288330078,83.0,0,1.0,202627.66666666666,-1824.666666666657,0.009005022348050482,0.835393702940676,1.0,0.9634178778281733,0.9561041039365872,VALID
1773652383.886049,201597,0.5999648571014404,794.0,0,1.0,202480.42857142858,-883.4285714285797,0.0043630319120790215,0.367172290225006,1.0,0.9651586632663128,0.862982057024895,VALID
1773652383.975601,201887,0.6895167827606201,290.0,0,1.0,202406.25,-519.25,0.0025653852092017908,0.18584992638245848,1.0,0.9671420895472521,0.8273126121406674,VALID
1773652384.095689,203347,0.8096048831939697,1460.0,0,1.0,202510.77777777778,836.222222222219,0.004129272680685841,0.34359381046121934,1.0,0.9667769688396922,0.8587518527441514,VALID
1773652384.185444,204219,0.899359941482544,872.0,0,1.0,202681.6,1537.3999999999942,0.00758529634658496,0.6921908843988406,1.0,0.9675601717208503,0.9287062283960232,VALID
1773652384.275747,203278,0.9896628856658936,941.0,0,1.0,202735.81818181818,542.1818181818235,0.0026743267324157898,0.19683847851461742,0.9997866554604281,0.9686127176017102,0.8299301765294794,VALID
1773652384.395495,200641,1.1094107627868652,2637.0,0,1.0,202561.25,-1920.25,0.009479848687742596,0.8832877825670432,0.9995037460166651,0.9691476972239398,0.9673522402822571,VALID
1773652384.485444,201269,1.1993598937988281,628.0,0,1.0,202461.84615384616,-1192.846153846156,0.005891708371263884,0.5213645620914458,0.9992912373757323,0.9673884801490124,0.8944185802005661,VALID
1773652384.6055129,202044,1.3194286823272705,775.0,0,1.0,202432.0,-388.0,0.0019166930129623774,0.12041860317524365,0.9990075697651443,0.9667757083083967,0.8140171901040821,VALID
1773652384.695442,202683,1.4093577861785889,639.0,0,1.0,202448.73333333334,234.2666666666628,0.0011571653860680915,0.04380769598654793,0.9987951084392288,0.9630159144144904,0.7975458243655796,VALID
1773652384.785253,203816,1.499168872833252,1133.0,0,1.0,202534.1875,1281.8125,0.00632886978648975,0.5654595119292732,0.998582925933951,0.9604365770530255,0.9010811680951574,VALID
1773652384.875561,204746,1.5894768238067627,930.0,0,1.0,202664.29411764705,2081.7058823529514,0.010271695324606697,0.9631585957625188,0.9983695695656248,0.9578323960059033,0.9798183949108372,VALID
1773652384.997404,201308,1.711319923400879,3438.0,0,1.0,202588.94444444444,-1280.944444444438,0.006322874369858365,0.5648547751286084,0.8822912058078836,0.9573652617173575,0.8884096541217172,VALID
1773652385.085358,201159,1.7992737293243408,149.0,0,1.0,202513.68421052632,-1354.6842105263204,0.0066893465288895585,0.6018195458211265,0.7984987390053203,0.9572426530853086,0.88738657899035,VALID
1773652385.175524,202390,1.8894398212432861,1231.0,0,1.0,202507.5,-117.5,0.0005802254237497376,0.0,0.7125986556091598,0.9564218850873815,0.7581864310871305,VALID
1773652385.295725,202728,2.00964093208313,338.0,0,1.0,202518.0,210.0,0.0010369448641602227,0.03168147052754667,0.5980845935520441,0.9599397224512295,0.7541266701960826,VALID
1773652385.4152708,203407,2.1291866302490234,679.0,0,1.0,202558.4090909091,848.5909090909117,0.00418936401060526,0.3496550136831828,0.4841949347728461,0.9616652891437162,0.806850082957036,VALID
1773652385.4757051,204530,2.1896209716796875,1123.0,0,1.0,202644.13043478262,1885.8695652173774,0.009306312308040477,0.865783772168391,0.4266199100778332,0.9621514606896469,0.9044641836483556,VALID
1773652385.6258008,204893,2.339716672897339,363.0,0,1.0,202737.83333333334,2155.166666666657,0.010630313204162635,0.9993311326315311,0.4298316564507232,0.9647744295518118,0.9322817210369221,VALID
1773652385.6855118,201162,2.399427652359009,3731.0,0,1.0,202674.8,-1512.7999999999884,0.007464174135116889,0.6799737086534197,0.4311093514156818,0.9657224726131985,0.8688224186562117,VALID
1773652385.805313,202021,2.519228935241699,859.0,0,1.0,202649.65384615384,-628.6538461538439,0.0031021708363296835,0.23999362360157833,0.4336728581160376,0.966717666263842,0.7813813104110721,VALID
1773652385.897485,202701,2.611400842666626,680.0,0,1.0,202651.55555555556,49.44444444443798,0.00024398749029529713,0.0,0.435645151705746,0.9633349300112392,0.7325649941739463,VALID
1773652386.017076,202900,2.730991840362549,199.0,0,1.0,202660.42857142858,239.57142857142026,0.0011821322507811743,0.04632601670010497,0.43820415872569524,0.9640150617832978,0.7422901377475799,VALID
1773652386.075688,203974,2.7896037101745605,1074.0,0,1.0,202705.72413793104,1268.2758620689565,0.006256734324907167,0.5581834590819076,0.43945833495292813,0.962909705050374,0.8444554368267866,VALID
1773652386.195671,204695,2.9095869064331055,721.0,0,1.0,202772.03333333333,1922.9666666666744,0.009483391940473093,0.8836451781330111,0.4420257342339531,0.9640738665191303,0.9101537690057366,VALID
1773652386.285266,200957,2.9991817474365234,3738.0,0,1.0,202713.48387096773,-1756.4838709677279,0.0086648595713829,0.8010826680427231,0.43473091150760673,0.9592105667080031,0.8914527947717062,VALID
1773652386.3755388,201285,3.0894546508789062,328.0,0,1.0,202668.84375,-1383.84375,0.006828103049263091,0.6158154329064064,0.4273808808559575,0.9599314737137042,0.8538806167809883,VALID
1773652386.525818,201975,3.239733934402466,690.0,0,1.0,202647.81818181818,-672.8181818181765,0.0033201353355530113,0.26197894372575736,0.4151451235236253,0.9547128972958921,0.7803241702862818,VALID
1773652386.61542,202013,3.329335927963257,38.0,0,1.0,202629.14705882352,-616.1470588235243,0.003040762238636162,0.2337995521657263,0.40784971843519774,0.9528290019056641,0.7733935828483642,VALID
1773652386.675208,202987,3.3891239166259766,974.0,0,1.0,202639.37142857144,347.6285714285623,0.001715503601189852,0.10012532771444396,0.40298177321006245,0.9529291738512876,0.7462019950192813,VALID
1773652386.795281,204047,3.5091967582702637,1060.0,0,1.0,202678.47222222222,1368.527777777781,0.006752210842981339,0.6081604503015329,0.39320542800721403,0.9380784744423802,0.8423761751937421,VALID
1773652386.885935,201625,3.59985089302063,2422.0,0,1.0,202650.0,-1025.0,0.005057981741919566,0.4372694598729563,0.3906701076498383,0.9260019877894381,0.8043214990764066,VALID
1773652387.006071,200494,3.719986915588379,1131.0,0,1.0,202593.26315789475,-2099.2631578947476,0.010361959352313944,0.9722632139545314,0.3873102685811748,0.9093166766841941,0.9059786726542821,VALID
1773652387.0963469,201044,3.810262680053711,550.0,0,1.0,202553.53846153847,-1509.5384615384683,0.007452540562874957,0.6788002707273445,0.3847855300895784,0.9004754126402459,0.8443812309465005,VALID
1773652387.185374,201589,3.899289846420288,545.0,0,1.0,202529.425,-940.4249999999884,0.004643399348020607,0.3954519773003557,0.3822957110882697,0.8912607755111766,0.7846981992222511,VALID
1773652387.2755682,202373,3.9894840717315674,784.0,0,1.0,202525.60975609755,-152.60975609754678,0.0007535331273972479,0.0030947154280414504,0.3797732529987506,0.8920156792018238,0.7062009721460305,VALID
1773652387.3976982,203473,4.111613988876343,1100.0,0,1.0,202548.16666666666,924.833333333343,0.00456599212203851,0.3876441799333296,0.37635765076467254,0.852665798193883,0.7709643405212981,VALID
1773652387.486387,204211,4.200302839279175,738.0,0,1.0,202586.83720930232,1624.1627906976792,0.008017119044213507,0.7357473363810638,0.3686838911803406,0.8423322714480699,0.8367175378286679,VALID
1773652387.57728,200370,4.291195869445801,3841.0,0,1.0,202536.45454545456,-2166.4545454545587,0.010696615334343915,1.0,0.36081941601551376,0.8529879746147595,0.8919783339859793,VALID
1773652387.755386,200511,4.46930193901062,141.0,0,1.0,202491.44444444444,-1980.444444444438,0.009780385783103014,0.9136019129609094,0.3454088750947232,0.8570969580747623,0.874390357524083,VALID
1773652387.815136,201326,4.529051780700684,815.0,0,1.0,202466.10869565216,-1140.1086956521613,0.005631108845806767,0.49507879531841936,0.34023904914423597,0.8551084702280737,0.7895722050465297,VALID
1773652387.875918,201574,4.589833736419678,248.0,0,1.0,202447.12765957447,-873.1276595744712,0.00431286760977257,0.36211239171427,0.3349799200300968,0.8580230184537009,0.7633273758819739,VALID
1773652387.995757,202581,4.709672927856445,1007.0,0,1.0,202449.91666666666,131.08333333334303,0.0006474852422348558,0.0,0.3246108923598823,0.8515075194624396,0.6879133450747201,POSSIBLE_PHYS_CHANGE
1773652388.115353,203595,4.829268932342529,1014.0,0,1.0,202473.2857142857,1121.7142857142899,0.005540060664087629,0.4858950822415082,0.31426290632212905,0.860188270065829,0.7866617881002632,VALID
1773652388.205885,203286,4.919800758361816,309.0,0,1.0,202489.54,796.4599999999919,0.0039333389764231366,0.3238306599175241,0.3196968108722289,0.8664395353179152,0.7566676736661022,VALID
1773652388.2956312,200408,5.009546995162964,2878.0,0,1.0,202441.06,-2033.0599999999977,0.010042725522184074,0.9400632090230777,0.32508356275773925,0.8538197219317145,0.8766669146599039,VALID
1773652388.385408,201003,5.099323749542236,595.0,0,1.0,202398.24,-1395.2399999999907,0.006893538204679995,0.6224156492000792,0.33047214637043243,0.830896268814132,0.8067992251212988,VALID
1773652388.503256,201727,5.217171907424927,724.0,0,1.0,202356.2,-629.2000000000116,0.0031093685293557185,0.24071962983606518,0.33754563278396404,0.8115140540519202,0.7253527054611856,VALID
1773652388.595687,202278,5.309602737426758,551.0,0,1.0,202313.0,-35.0,0.00017299926351742103,0.0,0.34309351942008964,0.8074520330619992,0.6765449618606088,POSSIBLE_PHYS_CHANGE
1773652388.685303,203523,5.399218797683716,1245.0,0,1.0,202369.06,1153.9400000000023,0.005702156248588605,0.5022450994629754,0.3484724578443357,0.8072855097949337,0.7774819186155089,VALID
1773652388.805287,204151,5.519202709197998,628.0,0,1.0,202436.02,1714.9800000000105,0.008471713680203802,0.7816007144981164,0.35567413653992874,0.8019970472280443,0.8324866707220294,VALID
1773652388.894954,201115,5.608869791030884,3036.0,0,1.0,202426.38,-1311.3800000000047,0.006478305841363189,0.580532606475375,0.3599483426668235,0.706831041962988,0.7641506681506538,VALID
1773652389.01526,200972,5.729175806045532,143.0,0,1.0,202408.08,-1436.0799999999872,0.007094973678916312,0.6427337441248572,0.36568303031324706,0.7015555406563581,0.7755817140532036,VALID
1773652389.105762,201875,5.819677829742432,903.0,0,1.0,202378.64,-503.64000000001397,0.0024886025521271113,0.17810512710648896,0.36999703603613426,0.7079695439450155,0.6850115922084158,POSSIBLE_PHYS_CHANGE
1773652389.223237,201960,5.937152862548828,85.0,0,1.0,202333.46,-373.45999999999185,0.001845764907099359,0.11326433209551899,0.37559677782224543,0.7145362551463514,0.6745734207452339,POSSIBLE_PHYS_CHANGE
1773652389.2857442,202921,5.999660015106201,961.0,0,1.0,202326.32,594.679999999993,0.002939212258691766,0.2235565592671719,0.3785763378678528,0.6500141022000286,0.6775731763002283,POSSIBLE_PHYS_CHANGE
1773652389.4058292,203850,6.1197450160980225,929.0,0,1.0,202390.5,1459.5,0.00721130685481779,0.6544678665272208,0.3843004903271019,0.6359858104721211,0.7601193654797908,VALID
1773652389.495952,204443,6.209867715835571,593.0,0,1.0,202453.98,1989.0199999999895,0.009824553708452604,0.9180569778062935,0.38732500950209,0.6215685204679796,0.8088144526518616,VALID
1773652389.615382,200407,6.329297780990601,4036.0,0,1.0,202421.24,-2014.2399999999907,0.009950734418976936,0.9307843867387519,0.3913330843065886,0.5974316510076241,0.8045196810806965,VALID
1773652389.705801,200509,6.419716835021973,102.0,0,1.0,202377.76,-1868.7600000000093,0.009234018599672263,0.8584917575187451,0.3943675491361883,0.695347712900267,0.819739420287448,VALID
1773652389.8258848,201213,6.539800643920898,704.0,0,1.0,202325.7,-1112.7000000000116,0.00549954850026473,0.48180876133262923,0.39839756359068296,0.7072501687829714,0.7483765592604856,VALID
1773652389.8866198,201474,6.60053563117981,261.0,0,1.0,202260.26,-786.2600000000093,0.0038873676915080068,0.3191936964717319,0.4004358306875651,0.6670808928610771,0.7040065902214261,VALID
1773652390.0056949,202556,6.719610691070557,1082.0,0,1.0,202285.22,270.77999999999884,0.0013386049658002637,0.06210887465473625,0.4044319915099907,0.6487333703804585,0.6474849851960838,POSSIBLE_PHYS_CHANGE
1773652390.097164,203476,6.811079740524292,920.0,0,1.0,202331.56,1144.4400000000023,0.005656260446961425,0.4976157497536197,0.4075016942019474,0.7141984949249832,0.7545328678484137,VALID
1773652390.216845,202989,6.930760860443115,487.0,0,1.0,202343.54,645.4599999999919,0.0031899214573392945,0.24884472321122217,0.4197206189495181,0.6737098356239564,0.6938539572243833,POSSIBLE_PHYS_CHANGE
1773652390.335559,199936,7.049474716186523,3053.0,0,1.0,202287.7,-2351.7000000000116,0.011625521472635318,1.0,0.4318407902079969,0.6779065093083805,0.8465560318133137,VALID
1773652390.396439,200403,7.110354900360107,467.0,0,1.0,202227.62,-1824.6199999999953,0.009022605319688752,0.8371672360691405,0.4380563937178892,0.6880148206072413,0.8176435327677894,VALID
1773652390.486096,201039,7.200011730194092,636.0,0,1.0,202157.8,-1118.7999999999884,0.005534290539370672,0.48531306985182654,0.4472099682966554,0.613125049354869,0.7257211256064916,VALID
1773652390.607616,201444,7.321531772613525,405.0,0,1.0,202088.82,-644.820000000007,0.0031907752244780636,0.2489308397298489,0.45961663907857825,0.5833619778869149,0.6707564252199021,POSSIBLE_PHYS_CHANGE
1773652390.723282,202603,7.437197923660278,1159.0,0,1.0,202117.64,485.35999999998603,0.002401373774203904,0.16930666399200858,0.4714256528682223,0.6371951979906452,0.6721624574824175,POSSIBLE_PHYS_CHANGE
1773652390.816959,203782,7.530874729156494,1179.0,0,1.0,202152.86,1629.140000000014,0.008058951033391337,0.7399667834781043,0.48098964957653734,0.6160909490801799,0.7809196063773286,VALID
1773652390.907544,200652,7.621459722518921,3130.0,0,1.0,202111.88,-1459.8800000000047,0.007223128101128962,0.6556602344832134,0.4668896172265386,0.6358394576462554,0.7685728459131732,VALID
1773652391.025822,200338,7.7397377490997314,314.0,0,1.0,202060.64,-1722.640000000014,0.00852536149544025,0.787011982829147,0.4484790180844606,0.6353282764916779,0.7928487813217789,VALID
1773652391.087021,201133,7.800936937332153,795.0,0,1.0,202003.82,-870.820000000007,0.004310908575887362,0.36191479078726635,0.43895304140951247,0.6238716341581385,0.7034397525458461,VALID
1773652391.2059531,201560,7.9198689460754395,427.0,0,1.0,201941.12,-381.11999999999534,0.0018872827881711034,0.11745209620156569,0.42044064649194285,0.6323431077885163,0.6552374162260624,POSSIBLE_PHYS_CHANGE
1773652391.297672,202425,8.011587858200073,865.0,0,1.0,201970.48,454.5199999999895,0.0022504278843125465,0.15408127764461846,0.40616411370146366,0.6530129224723988,0.6673365436407896,POSSIBLE_PHYS_CHANGE
1773652391.415054,203290,8.12896990776062,865.0,0,1.0,202010.58,1279.4200000000128,0.0063334306549687296,0.5659195508526389,0.387892978111809,0.6080143585276262,0.7343775155399965,VALID
1773652391.505833,202466,8.219748735427856,824.0,0,1.0,202020.4,445.6000000000058,0.0022057178383965473,0.1495715309852653,0.38773739416477604,0.5944398009141568,0.6470199858877776,POSSIBLE_PHYS_CHANGE
1773652391.595888,200021,8.30980372428894,2445.0,0,1.0,201980.56,-1959.5599999999977,0.009701725750240506,0.9056677493259004,0.3875830507900369,0.6193702892722407,0.8057029417258561,VALID
1773652391.686202,200604,8.400117874145508,583.0,0,1.0,201932.9,-1328.8999999999942,0.006580898902556216,0.5908808113476609,0.3874282632446511,0.589490106790972,0.7337660206312889,VALID
1773652391.805662,201057,8.519577741622925,453.0,0,1.0,201873.1,-816.1000000000058,0.004042638667559005,0.33485533920088684,0.3872235234592652,0.6149405328325729,0.6901755800358758,POSSIBLE_PHYS_CHANGE
1773652391.925726,201740,8.639641761779785,683.0,0,1.0,201875.4,-135.39999999999418,0.0006707107453409093,0.0,0.3870177482291518,0.6588143979313974,0.6363460942023343,POSSIBLE_PHYS_CHANGE
1773652391.985562,202938,8.699477910995483,1198.0,0,1.0,201924.28,1013.7200000000012,0.005020297707635759,0.43346840254365626,0.3869151962959592,0.6553505752113448,0.7219903727017306,VALID
1773652392.105859,203668,8.819774866104126,730.0,0,1.0,201976.76,1691.2399999999907,0.008373438607491231,0.7716880500894089,0.38670902184347056,0.699731294837753,0.8029279006535548,VALID
1773652392.225631,199635,8.939546823501587,4033.0,0,1.0,201937.68,-2302.679999999993,0.011402923911971223,1.0,0.386355502857844,0.6723519494566478,0.8403411351227786,VALID
1773652392.287048,199782,9.000963926315308,147.0,0,1.0,201885.86,-2103.859999999986,0.010421036916602214,0.9782221621670272,0.38617422409811913,0.6707731727799423,0.8354938066772001,VALID
1773652392.405896,200302,9.119811773300171,520.0,0,1.0,201822.44,-1520.4400000000023,0.00753355276053546,0.6869716890357201,0.3858234327173741,0.6540126393604108,0.7721804728870046,VALID
1773652392.495723,200538,9.209638833999634,236.0,0,1.0,201748.98,-1210.9800000000105,0.006002409528910681,0.532530602422116,0.38555829910788564,0.6547170299341262,0.7414770593754496,VALID
1773652392.617423,201642,9.331338882446289,1104.0,0,1.0,201774.42,-132.4200000000128,0.0006562774409165086,0.0,0.385199089167492,0.6746741004281599,0.6409221390451971,POSSIBLE_PHYS_CHANGE
1773652392.705873,202412,9.419788837432861,770.0,0,1.0,201812.44,599.5599999999977,0.002970877315590643,0.22675050330463128,0.3849380202241015,0.6337716246788373,0.6739753900869876,POSSIBLE_PHYS_CHANGE
1773652392.825702,199676,9.539617776870728,2736.0,0,1.0,201779.44,-2103.4400000000023,0.010424451569495893,0.9785665863152163,0.3820204199497732,0.6111892152977437,0.8172721238473438,VALID
1773652392.915982,198967,9.629897832870483,709.0,0,1.0,201727.3,-2760.2999999999884,0.013683323972511348,1.0,0.3798222771857054,0.6185544111366236,0.8235485510595576,VALID
1773652393.005911,199375,9.719826936721802,408.0,0,1.0,201663.18,-2288.179999999993,0.011346543280731728,1.0,0.37763267941994405,0.6846715142709093,0.8431647222232672,VALID
1773652393.095716,199727,9.809631824493408,352.0,0,1.0,201585.82,-1858.820000000007,0.00922098588085217,0.857177192548903,0.37544610607274087,0.6962551892942296,0.8178566059053236,VALID
1773652393.216802,200943,9.930717706680298,1216.0,0,1.0,201538.96,-595.9599999999919,0.0029570461215042087,0.22535539891481804,0.3724979017012172,0.6909074166228286,0.689593094939934,POSSIBLE_PHYS_CHANGE
1773652393.3077362,202379,10.021651983261108,1436.0,0,1.0,201578.38,800.6199999999953,0.003971755304313862,0.32770558115324167,0.37028382994574127,0.6980334156405522,0.7119795239173881,VALID
1773652393.425695,202533,10.139610767364502,154.0,0,1.0,201608.98,924.0199999999895,0.004583228385957756,0.38938274186134886,0.3711038537404192,0.6447985986992854,0.7084265133560973,VALID
1773652393.5162082,199083,10.23012399673462,3450.0,0,1.0,201556.1,-2473.100000000006,0.012270033008179885,1.0,0.3717330820118091,0.6845342353536281,0.8425335788072694,VALID
1773652393.605651,199641,10.31956672668457,558.0,0,1.0,201503.36,-1862.359999999986,0.009242327274344141,0.8593298246036134,0.3723548684042123,0.7063772364336485,0.8210146226912385,VALID
1773652393.69774,200279,10.411655902862549,638.0,0,1.0,201438.48,-1159.4800000000105,0.005756000541703901,0.5076761858335453,0.37299505231482327,0.6973035456049957,0.7480258060796902,VALID
1773652393.8149729,200729,10.528888702392578,450.0,0,1.0,201370.04,-641.0400000000081,0.003183393120446359,0.24818623259930547,0.37381002922274953,0.7078336571393159,0.6993683465839309,POSSIBLE_PHYS_CHANGE
1773652393.905261,201922,10.619176864624023,1193.0,0,1.0,201386.18,535.820000000007,0.0026606592368950393,0.19545988582915627,0.3744376928763748,0.655271263586527,0.6731171255294268,POSSIBLE_PHYS_CHANGE
1773652394.025783,203079,10.739698886871338,1157.0,0,1.0,201428.32,1650.679999999993,0.008194875477291341,0.7536770088702712,0.37527553574476913,0.6354645194588567,0.7789023111861882,VALID
1773652394.116086,199659,10.830001831054688,3420.0,0,1.0,201384.0,-1725.0,0.008565725181742343,0.7910833273274739,0.37600576519866635,0.585645700199604,0.7715109520452426,VALID
1773652394.235915,200088,10.949830770492554,429.0,0,1.0,201346.56,-1258.5599999999977,0.006250715184803742,0.5575763293772189,0.37697475487888243,0.6213618764749569,0.7356213043058192,VALID
1773652394.297688,200662,11.011603832244873,574.0,0,1.0,201301.38,-639.3800000000047,0.0031762325722754837,0.24746397303702697,0.3774742791142979,0.6129921824731872,0.6711378772607914,POSSIBLE_PHYS_CHANGE
1773652394.416978,200882,11.13089370727539,220.0,0,1.0,201242.02,-360.0199999999895,0.0017889901920085554,0.1075376642634724,0.3784389096818477,0.5036340770721845,0.6104416469425346,POSSIBLE_PHYS_CHANGE
1773652394.5056388,201853,11.219554662704468,971.0,0,1.0,201190.22,662.7799999999988,0.0032942953191263413,0.2593725512390052,0.37915586129013107,0.4108505078008041,0.6130452487170553,POSSIBLE_PHYS_CHANGE
1773652394.6259148,202662,11.33983063697815,809.0,0,1.0,201235.32,1426.679999999993,0.007089610312941053,0.642192760073191,0.3801284658912889,0.37952032950662834,0.6803074974557556,POSSIBLE_PHYS_CHANGE
1773652394.716082,199693,11.42999792098999,2969.0,0,1.0,201219.0,-1526.0,0.007583776879916906,0.6920376210865388,0.37873072894992427,0.4549050710867282,0.7127521184383186,VALID
1773652394.805954,199938,11.519869804382324,245.0,0,1.0,201193.5,-1255.5,0.00624026124104407,0.5565218764688988,0.37733757119005445,0.4963987248104107,0.6979577498559084,POSSIBLE_PHYS_CHANGE
1773652394.927753,200503,11.641668796539307,565.0,0,1.0,201174.08,-671.0799999999872,0.0033358174174326397,0.2635607407228177,0.37544949224185814,0.5943010358642737,0.6685474081280315,POSSIBLE_PHYS_CHANGE
1773652395.015066,200702,11.728981733322144,199.0,0,1.0,201137.0,-435.0,0.002162705021950213,0.14523297795307497,0.3740960022422661,0.6176745611168508,0.6517585641498967,POSSIBLE_PHYS_CHANGE
1773652395.105718,201719,11.819633722305298,1017.0,0,1.0,201101.86,617.140000000014,0.0030687930981842435,0.2366269273700207,0.3726907515995463,0.6624283881167287,0.6833229770689774,POSSIBLE_PHYS_CHANGE
1773652395.195864,202428,11.909779787063599,709.0,0,1.0,201090.64,1337.359999999986,0.006650533311744326,0.5979045917482024,0.3712933435905086,0.7231244621524414,0.7736475913544237,VALID
1773652395.3170948,200332,12.031010627746582,2096.0,0,1.0,201098.56,-766.5599999999977,0.0038118622032897584,0.31157772077144247,0.3347254081716467,0.9219404760027494,0.772370227772278,VALID
1773652395.435992,199730,12.14990782737732,602.0,0,1.0,201085.1,-1355.1000000000058,0.006738937892464463,0.606821653996879,0.29886138963407155,0.9543583427234547,0.8375579725798195,VALID
1773652395.495842,199999,12.209757804870605,269.0,0,1.0,201064.3,-1065.2999999999884,0.005298305069572214,0.46151003717145406,0.28080830925068995,0.958638105917476,0.8079742701346025,VALID
1773652395.6153998,200329,12.329315662384033,330.0,0,1.0,201042.0,-713.0,0.003546522617164573,0.2848138405828514,0.24474501060706194,0.9611276680428015,0.769775569590117,VALID
1773652395.706014,200706,12.41992974281311,377.0,0,1.0,201004.06,-298.0599999999977,0.0014828556199312475,0.07665893588256252,0.21741228056491876,0.9603570644217654,0.725180134559534,VALID
1773652395.8277628,201666,12.541678667068481,960.0,0,1.0,200961.74,704.2600000000093,0.003504448160132418,0.28056993659757373,0.1806880709957671,0.9569375469740208,0.7612640585112977,VALID
1773652395.9469151,202183,12.660830974578857,517.0,0,1.0,200992.36,1190.640000000014,0.005923807253171285,0.5246022645470156,0.14474710200222785,0.9593678048648757,0.8072055045690887,VALID
1773652396.00598,199815,12.719895839691162,2368.0,0,1.0,200981.9,-1166.8999999999942,0.0058059954652632615,0.5127189996998079,0.13633124662282464,0.9583877688208093,0.803693255248487,VALID
1773652396.125346,200114,12.839261770248413,299.0,0,1.0,200961.52,-847.5199999999895,0.004217324789342704,0.3524753200801167,0.11932339589993464,0.9611700843477806,0.770778428910351,VALID
1773652396.215125,200401,12.929040908813477,287.0,0,1.0,200938.34,-537.3399999999965,0.0026741536732113767,0.19682102263522874,0.10653121826921703,0.9628533761209654,0.7388733391902571,VALID
1773652396.305592,200677,13.019507884979248,276.0,0,1.0,200903.38,-226.38000000000466,0.0011268103105084874,0.04074588520566589,0.09364103412039317,0.9599444826718199,0.7054966252547185,VALID
1773652396.396876,201271,13.1107919216156,594.0,0,1.0,200863.0,408.0,0.0020312352200255895,0.13197207678671702,0.08063443113706313,0.9604449581738946,0.7225913459232182,VALID
1773652396.514931,201946,13.228846788406372,675.0,0,1.0,200852.6,1093.3999999999942,0.00544379310997216,0.4761849092438781,0.06381338729218577,0.9631568680071249,0.7905653809801316,VALID
1773652396.665761,201459,13.379676818847656,487.0,0,1.0,200881.36,577.640000000014,0.002875528122669092,0.2171329622030662,0.07521705216258476,0.9611855523821813,0.739303963371526,VALID
1773652396.695752,200359,13.409667730331421,1100.0,0,1.0,200876.46,-517.4599999999919,0.0025760111463532954,0.18692172766536316,0.07748454692286587,0.959863041005329,0.733091712526958,VALID
1773652396.815112,200716,13.529027938842773,357.0,0,1.0,200869.64,-153.64000000001397,0.0007648741741161779,0.0042386473231317305,0.08650890243577071,0.959446176316297,0.6973324726030925,POSSIBLE_PHYS_CHANGE
1773652396.9057689,201176,13.61968469619751,460.0,0,1.0,200858.36,317.64000000001397,0.0015814128921495425,0.08660006477284544,0.09336310299573773,0.9575027501947753,0.7139071483125755,VALID
1773652397.027673,201576,13.741588830947876,400.0,0,1.0,200831.12,744.8800000000047,0.003708986933897519,0.30120105054069934,0.10257979475759679,0.9602619455899719,0.7585767732608911,VALID
1773652397.116224,202623,13.830139875411987,1047.0,0,1.0,200810.22,1812.7799999999988,0.009027329385924675,0.8376437361820243,0.1092747906548868,0.9598471493651699,0.8664103711114445,VALID
1773652397.205945,203278,13.91986083984375,655.0,0,1.0,200883.08,2394.920000000013,0.011921959778792783,1.0,0.11605823959562744,0.9580929115333076,0.8990336974195551,VALID
1773652397.325292,200852,14.039207935333252,2426.0,0,1.0,200904.48,-52.48000000001048,0.0002612186647107644,0.0,0.11988878613409548,0.9597282246767345,0.6999073460164299,POSSIBLE_PHYS_CHANGE
1773652397.414749,201187,14.12866473197937,335.0,0,1.0,200922.18,264.820000000007,0.0013180227289988939,0.06003281609216211,0.12275997810847722,0.959739315903493,0.712204355800328,VALID
1773652397.505889,201775,14.219804763793945,588.0,0,1.0,200946.92,828.0799999999872,0.004120889237814579,0.34274820176840826,0.1256851949472389,0.9588150545702113,0.7687626762194689,VALID
1773652397.625909,201790,14.339824914932251,15.0,0,1.0,200949.88,840.1199999999953,0.004180743974567167,0.3487855406614076,0.12953734377921183,0.9566163473598827,0.7696957467181674,VALID
1773652397.714954,202618,14.428869724273682,828.0,0,1.0,200954.0,1664.0,0.008280502005434079,0.762313858628136,0.1323953126706405,0.9541826472589142,0.8519570971703655,VALID
1773652397.83595,203353,14.54986572265625,735.0,0,1.0,201027.54,2325.459999999992,0.011567867765779713,1.0,0.13627878214990907,0.9531402588730267,0.8995699558768989,VALID
1773652397.927851,202085,14.641766786575317,1268.0,0,1.0,201089.9,995.1000000000058,0.004948532969582291,0.42622974328788105,0.15112398323733744,0.9562655404827817,0.7872380091261445,VALID
1773652398.0176268,200999,14.731542587280273,1086.0,0,1.0,201122.38,-123.38000000000466,0.0006134573387606325,0.0,0.16562588079342713,0.9545646082010654,0.7029319705396624,VALID
1773652398.107764,201440,14.821679830551147,441.0,0,1.0,201156.64,283.35999999998603,0.001408653475222026,0.06917442390402516,0.18018616382781047,0.9534428830144649,0.7178863660679256,VALID
1773652398.225503,201832,14.93941879272461,392.0,0,1.0,201174.42,657.5799999999872,0.003268705832481024,0.25679142881899925,0.19920507933056694,0.9571185447903371,0.7584143571339577,VALID
1773652398.315125,202303,15.029040813446045,471.0,0,1.0,201172.9,1130.1000000000058,0.005617555843754332,0.4937117511904619,0.2136821360993879,0.9606403961186956,0.8083026826836398,VALID
1773652398.406023,203155,15.119938850402832,852.0,0,1.0,201185.34,1969.6600000000035,0.009790275971400319,0.9145995018186338,0.22836531363326662,0.9621611710282104,0.8944047830355165,VALID
1773652398.525782,203871,15.239697933197021,716.0,0,1.0,201281.1,2589.899999999994,0.012867079919575131,1.0,0.24771054850118268,0.9640555556934756,0.9139877215581609,VALID
1773652398.646632,201097,15.3605477809906,2774.0,0,1.0,201310.22,-213.22000000000116,0.001059161328222686,0.03392236790386722,0.2738861112847777,0.9636460944943205,0.7232669130575474,VALID
1773652398.7055192,201165,15.419435024261475,68.0,0,1.0,201327.94,-162.94000000000233,0.0008093263160592729,0.00872238010671246,0.2866408375962451,0.961559878337012,0.7188765232820706,VALID
1773652398.8258612,201658,15.539777040481567,493.0,0,1.0,201346.52,311.4800000000105,0.0015469847703352931,0.08312741999785864,0.31270640622198237,0.9623909845924361,0.7366134199995008,VALID
1773652398.9174411,201858,15.631356954574585,200.0,0,1.0,201345.24,512.7600000000093,0.0025466705843158214,0.18396224733110805,0.332542225917449,0.9615074542197662,0.7584989083238964,VALID
1773652399.037847,202765,15.751762866973877,907.0,0,1.0,201338.96,1426.0400000000081,0.007082782189795796,0.6415040310658037,0.35862163418370546,0.9582644697751797,0.8516423105640852,VALID
1773652399.127808,203459,15.841723918914795,694.0,0,1.0,201414.96,2044.0400000000081,0.010148402084929582,0.9507224359607744,0.37810681522571965,0.9562729582486205,0.914837056189313,VALID
1773652399.216005,203492,15.92992091178894,33.0,0,1.0,201483.04,2008.9599999999919,0.009970864048904522,0.9328147924218617,0.39148908298338514,0.9582362996777362,0.9131827566860317,VALID
1773652399.305766,201180,16.019681930541992,2312.0,0,1.0,201493.4,-313.3999999999942,0.001555385933236494,0.08397481604839177,0.40510866283536784,0.958421586191184,0.7448323053505703,VALID
1773652399.4258828,201665,16.139798641204834,485.0,0,1.0,201509.06,155.94000000000233,0.0007738609866970861,0.005145115817731984,0.4233341593276796,0.9614424307412794,0.7317951683186982,VALID
1773652399.514872,202022,16.228787899017334,357.0,0,1.0,201512.44,509.5599999999977,0.0025286776339961824,0.18214736108052465,0.43683663868434147,0.9618093649501314,0.7686559455695785,VALID
1773652399.606078,202388,16.31999373435974,366.0,0,1.0,201506.96,881.0400000000081,0.004372255926048451,0.36810268439777455,0.45067544281857447,0.962383876238504,0.8074032440329636,VALID
1773652399.7258508,203142,16.43976664543152,754.0,0,1.0,201575.94,1566.0599999999977,0.007769081964841626,0.710728699804518,0.46884877406088543,0.9636281468988532,0.8781190614366481,VALID
1773652399.846098,203790,16.56001377105713,648.0,0,1.0,201652.98,2137.0199999999895,0.010597512617963739,0.9960226517072839,0.4870940586195983,0.9678637187597802,0.9382730518313507,VALID
1773652399.905973,201407,16.61988878250122,2383.0,0,1.0,201671.06,-264.0599999999977,0.0013093599051842027,0.05915902721634061,0.4689064891776908,0.9664023291408746,0.7486431531032995,VALID
1773652400.0279071,201844,16.741822957992554,437.0,0,1.0,201693.9,150.10000000000582,0.0007441970233110958,0.002153015115476318,0.4318678944350222,0.9674672908858816,0.7338575797323619,VALID
1773652400.116908,202250,16.83082389831543,406.0,0,1.0,201704.52,545.4800000000105,0.0027043518905774176,0.19986701167627757,0.40483306398611546,0.9649936568112248,0.7699548057772345,VALID
1773652400.2359948,202455,16.949910640716553,205.0,0,1.0,201705.06,749.9400000000023,0.003718002909793152,0.3021104606373145,0.36865940247369333,0.9660502813929762,0.787103116792725,VALID
1773652400.325848,203097,17.039763927459717,642.0,0,1.0,201760.36,1336.640000000014,0.006624889051546171,0.5953179445106332,0.3413656641877162,0.9676043490281295,0.8434814600293371,VALID
1773652400.415135,203806,17.129050731658936,709.0,0,1.0,201841.88,1964.1199999999953,0.009730983480732518,0.9086188747305691,0.31424400003345354,0.968251155090178,0.9036235214765126,VALID
1773652400.5061388,201084,17.220054626464844,2722.0,0,1.0,201863.58,-779.5799999999872,0.0038619150616470157,0.31662637831905066,0.314327683232195,0.9658388457235133,0.7845096977040836,VALID
1773652400.653438,201255,17.367353916168213,171.0,0,1.0,201882.1,-627.1000000000058,0.003106268460651072,0.24040693669969915,0.3144631332122318,0.9650225976641945,0.7690344799604214,VALID
1773652400.716351,201680,17.430266857147217,425.0,0,1.0,201901.58,-221.5799999999872,0.0010974654086411172,0.03778596712787964,0.3145209851992768,0.9660122305189965,0.7288129611012026,VALID
1773652400.865834,201918,17.579749822616577,238.0,0,1.0,201906.62,11.380000000004657,5.63626888509384e-05,0.0,0.3146584431919761,0.961695615701788,0.719974529029734,VALID
1773652400.92598,202501,17.639895915985107,583.0,0,1.0,201912.98,588.0199999999895,0.002912244670946808,0.2208364325875409,0.3147137509070538,0.9605172819968382,0.7637938462072651,VALID
1773652401.047048,203087,17.760963916778564,586.0,0,1.0,201978.42,1108.5799999999872,0.0054886061590143495,0.4807050454699321,0.3148250797418607,0.9579602525363501,0.8150115928290775,VALID
1773652401.135988,201150,17.84990382194519,1937.0,0,1.0,201999.14,-849.140000000014,0.004203681263197526,0.3510991451021126,0.3132702869529355,0.9585200438931304,0.7891028708836553,VALID
1773652401.255136,200598,17.969051837921143,552.0,0,1.0,202003.08,-1405.0799999999872,0.006955735526408742,0.6286892764831717,0.3111874145268058,0.9579078624799515,0.8442289554933005,VALID
1773652401.315628,200877,18.02954387664795,279.0,0,1.0,202007.08,-1130.0799999999872,0.005594259369523025,0.4913619169488078,0.31012992986428434,0.9594216953241308,0.8171118849734293,VALID
1773652401.463554,201204,18.177469730377197,327.0,0,1.0,202005.74,-801.7399999999907,0.003968897121438187,0.3274172861982418,0.30754398095594054,0.9620169978358818,0.784842954686007,VALID
1773652401.526081,201634,18.239996910095215,430.0,0,1.0,201999.5,-365.5,0.0018094104193327211,0.1095973814941683,0.3064509192087386,0.9623722921547763,0.7412762558661403,VALID
1773652401.6160169,202383,18.329932689666748,749.0,0,1.0,202017.98,365.0199999999895,0.0018068688737506904,0.10934102464050524,0.30487871715520354,0.9642095566785682,0.7416189436471919,VALID
1773652401.737834,201865,18.451749801635742,518.0,0,1.0,202048.1,-183.10000000000582,0.000906219855569074,0.01849569407150228,0.2590278308805107,0.9678260203202902,0.7199497279984386,VALID
1773652401.886258,200166,18.600173711776733,1699.0,0,1.0,202037.1,-1871.1000000000058,0.009261170349406152,0.8612304599769812,0.20316238049902427,0.967516767019849,0.8828173601512534,VALID
1773652402.003349,200515,18.717264890670776,349.0,0,1.0,202023.88,-1508.8800000000047,0.0074688200226626904,0.680442323154035,0.15909029374156633,0.9668041717324033,0.8420387455246846,VALID
1773652402.035818,201028,18.749733924865723,513.0,0,1.0,202012.92,-984.9200000000128,0.004875529743345192,0.4188661620412121,0.14686923571237484,0.9683762431537365,0.7889730289256008,VALID
1773652402.2471302,201336,18.96104598045349,308.0,0,1.0,201987.18,-651.179999999993,0.003223867970234512,0.2522687897714203,0.06733324218387592,0.9662789937493371,0.7470707802974728,VALID
1773652402.247424,202111,18.961339712142944,775.0,0,1.0,201963.84,147.1600000000035,0.0007286452862057064,0.0005843655419568337,0.06722268416726641,0.9663033005807232,0.696730131699335,POSSIBLE_PHYS_CHANGE
1773652402.4260218,202666,19.13993763923645,555.0,0,1.0,202000.12,665.8800000000047,0.0032964336852869427,0.2595882407882256,0.0,0.9654764165761386,0.7415605731304866,VALID
1773652402.428349,200333,19.14226484298706,2333.0,0,1.0,201983.04,-1650.0400000000081,0.008169200740814715,0.7510872875966055,0.0,0.9654674819327519,0.8398577020991467,VALID
1773652402.5152462,200220,19.229161977767944,113.0,0,1.0,201951.94,-1731.9400000000023,0.008576000804943999,0.7921197936619863,0.0,0.9551440599823395,0.8449671767270991,VALID
1773652402.635898,200470,19.34981393814087,250.0,0,1.0,201925.54,-1455.5400000000081,0.007208300643890853,0.6541646404980966,0.0,0.9130398772033316,0.8047448912606189,VALID
1773652402.725899,200461,19.439814805984497,9.0,0,1.0,201882.4,-1421.3999999999942,0.007040732624537821,0.6372626378271188,0.0,0.8774611134834169,0.7906908616104489,VALID
1773652402.8461282,201368,19.560044050216675,907.0,0,1.0,201842.7,-474.70000000001164,0.002351831401383412,0.16430949734307676,0.0,0.7987853549924774,0.6724975059663586,POSSIBLE_PHYS_CHANGE
1773652402.935822,202019,19.64973783493042,651.0,0,1.0,201841.38,177.61999999999534,0.0008799979469026387,0.01585078144420382,0.0,0.7077650886690885,0.6154996828895674,POSSIBLE_PHYS_CHANGE
1773652403.115976,201006,19.82989192008972,1013.0,0,1.0,201841.52,-835.5199999999895,0.004139485275378374,0.34462391932947034,0.0,0.6653320267235436,0.6685243918829572,POSSIBLE_PHYS_CHANGE
1773652403.145952,199869,19.859867811203003,1137.0,0,1.0,201810.1,-1941.1000000000058,0.009618448234255896,0.8972678362455957,0.0,0.6430350261266682,0.7723640750871197,VALID
